grade,loans,total_ead,avg_pd,avg_lgd,total_expected_loss_12m,el_rate_bps
A,98247,21448535166.0,0.0005,0.3381,3082113.0,1.4
B,114153,25937565381.0,0.0008,0.3321,5835764.0,2.2
C,105933,24964460903.0,0.0011,0.3355,7751935.0,3.1
D,106462,24711076749.0,0.0022,0.3432,15802194.0,6.4
E,105591,24567137139.0,0.004,0.353,29192793.0,11.9
F,106384,22521468967.0,0.0043,0.366,30227211.0,13.4
G,103959,23295833815.0,0.0071,0.3674,51950196.0,22.3
H,109271,24828214752.0,0.0117,0.3669,92081884.0,37.1
PORTFOLIO,850000,192274292872.0,0.004,0.3502,235924089.0,12.3
